{"IcoMoonType":"selection","icons":[{"icon":{"paths":["M465.778 327.11h92.444c76.583 0 138.666 62.083 138.666 138.666v92.444c0 76.583-62.083 138.666-138.666 138.666h-92.444c-76.583 0-138.666-62.083-138.666-138.666v-92.444c0-76.583 62.083-138.666 138.666-138.666z","M696.89 512v115.556c0 38.292 31.043 69.334 69.334 69.334h92.444c38.292 0 69.334-31.043 69.334-69.334v-392.89c0-76.583-62.082-138.666-138.666-138.666h-554.665c-76.583 0-138.666 62.083-138.666 138.666v554.665c0 76.586 62.083 138.666 138.666 138.666h508.443"],"attrs":[{"fill":"none","strokeLinejoin":"miter","strokeLinecap":"butt","strokeMiterlimit":"4","strokeWidth":85.33333333333333},{"fill":"none","strokeLinejoin":"miter","strokeLinecap":"butt","strokeMiterlimit":"4","strokeWidth":85.33333333333333}],"isMulticolor":false,"isMulticolor2":false,"grid":16,"tags":["email"],"colorPermutations":{}},"attrs":[{"fill":"none","strokeLinejoin":"miter","strokeLinecap":"butt","strokeMiterlimit":"4","strokeWidth":85.33333333333333},{"fill":"none","strokeLinejoin":"miter","strokeLinecap":"butt","strokeMiterlimit":"4","strokeWidth":85.33333333333333}],"properties":{"order":13,"id":0,"name":"email","prevSize":32,"code":59648},"setIdx":0,"setId":2,"iconIdx":0}],"height":1024,"metadata":{"name":"icomoon"},"preferences":{"showGlyphs":true,"showQuickUse":true,"showQuickUse2":false,"showSVGs":false,"fontPref":{"prefix":"icon-","metadata":{"fontFamily":"icomoon","majorVersion":1,"minorVersion":0},"metrics":{"emSize":1024,"baseline":6.25,"whitespace":50},"embed":false,"flutter":true},"imagePref":{"prefix":"icon-","png":true,"useClassSelector":true,"color":0,"bgColor":16777215,"classSelector":".icon","name":"icomoon"},"historySize":50,"showCodes":true,"gridSize":16}}